"id","citation"
"b508f7bc-8708-43d5-b940-e44f2765d1af",NA
"41a50544-957c-4193-8bbf-25a25f749e85",NA
"73b8993b-0afd-49c0-8321-7cbbc112801d",NA
"5901bed2-eb86-4fff-ab36-ad2762307b8f","Saeedi, H.; (2019): Global Distribution and Diversity of Solenidae Species"
"58bb5aa2-2939-48d5-9015-b18706e26425","Reid M (2022): Australian Museum Malacology Collection - Marine records. v1.10. CSIRO National Collections and Marine Infrastructure (NCMI) Information and Data Centre (IDC). Dataset/Occurrence. https://www.marine.csiro.au/ipt/resource?r=am_malacology&amp;v=1.10"
"eaea291a-1e1d-4382-b86f-ac3cc15b8d5a","iNaturalist contributors, iNaturalist (2026). iNaturalist Research-grade Observations Marine Subset. Version 2.0. Marine Biological Association. Occurrence dataset. https://doi.org/10.17031/0bbcjx"
"8ea620e9-37d5-4ff6-9a02-0bc94356c2d5",NA
"c5687a17-e454-40f9-9a4b-d04b2c812d74",NA
"0c7b3f51-33c8-494c-ab8a-c5bd28f40f87",NA
"86e5bc4a-0bc2-43e6-8e9b-db09a2fa6265",NA
"ce4b9956-ea44-4f61-8fb9-2326574fc5f5","Yokohama Environmental Science Research Institute (2026) Marine coastal animals data in the coastal area of Yokohama City. Available at https://doi.org/10.48518/00038. (Accessed on YYYY-MM-DD)."
"706a6f92-0fe6-44b0-980a-e5e0fa53166f","Biodiversity Center of Japan, Ministry of the Environment. Data file of tidal flats survey on Monitoring sites 1000 project at http://www.biodic.go.jp/moni1000/findings/data/index_file_tidalflats.html. Accessed on yyyy-mm-dd."
"5e5197d2-8a17-49c3-9197-758091a2cc48","Grove, S.J. (2017). A Guide to the Seashells and other Marine Molluscs of Tasmania, web-site. http://www.molluscsoftasmania.org.au"
"05fe0873-13d5-485a-a7cc-2f4a90ea6398","Ahsan Habib K, Rashed M, Sakib N, Suominen S, Provoost P, Gillard E, Douvere F, Appeltans W (2024). UNESCO eDNA expedition in The Sundarbans (Bangladesh): February 2023. Version 2.0. OBIS Secretariat. Occurrence dataset. https://doi.org/10.25607/rt4e3h"
"3e981ea4-29b3-4df5-8529-38d798262eb1","SeaSearch (2021): Marine Recorder Snapshot extract of surveys entered by SeaSearch. v2.1. Marine Biological Association. Dataset/Samplingevent. https://doi.org/10.17031/yq0gbg"
"89e23fc8-3f61-4480-9de3-358fe6eefe0b","National Museum of Natural History, Smithsonian Institution NMNH Invertebrate Zoology Collection Database. National Museum of Natural History, Smithsonian Institution, 10th and Constitution Ave. N.W., Washington, DC 20560-0193, 2001, Version 3.2.04 (0802221)."
"7e2053af-4cbc-4dca-ab94-6733ca52e4ad",NA
"ed7cb012-2169-41e9-98b6-3da7c23d018f","Houbin C, Thiebaut E, Hoebeke M (2019): Specific diversity data of macrobenthic communities in the ""Pierre Noire"" study site in the English Channel from 1977 on https://doi.org/10.21411/kfms-pq29"
"8faf0e94-1c0e-479d-942c-7f21a4c0a5b4","Webmaster O (2022): Tasmanian Museum and Art Gallery provider for OZCAM - marine records. v1.9. CSIRO National Collections and Marine Infrastructure (NCMI) Information and Data Centre (IDC). Dataset/Occurrence. https://www.marine.csiro.au/ipt/resource?r=tmag_marine&amp;v=1.9"
"0125fbc4-e9cd-4f8b-b155-bd9356b7fda0","National Institute of Oceanography and Experimental Geophysics (OGS), Italy; Italian National Institute for Environmental Protection and Research (ISPRA), Italy; (2017): Historical landings from the Trieste (Italy) fish market between 1902 and 1968 https://dx.doi.org/10.14284/291"
"0c1cb7e9-c7d1-4643-b245-daa8839a183f","Marine Biological Association of the UK (MBA); (2016): DASSH: The UK Archive for Marine Species and Habitats Data"
"210f1cc3-ac90-468e-9701-67cfae734ac6","Puente, A (2026): Littoral Monitoring Network of Cantabria (Invertebrates). IHCantabria - Instituto de Hidráulica Ambiental de la Universidad de Cantabria."
"00a7f490-7418-413b-a9f1-666f186769b6","Dally G (2023): Museum and Art Gallery of the Northern Territory Malacology Collection - marine records. v1.11. CSIRO National Collections and Marine Infrastructure (NCMI) Information and Data Centre (IDC). Dataset/Occurrence. https://www.marine.csiro.au/ipt/resource?r=magnt_malacology&amp;v=1.11"
"7a58ffd1-09d6-48a6-ba0b-07b8c4d474ca","Bio-environmental research group; Institute of Agricultural and Fisheries research (ILVO), Belgium; (2019): Macrobenthos monitoring in function of aggregate extraction activities in the Belgian part of the North Sea https://dx.doi.org/10.14284/199"
"e7c86904-aac7-4a17-a895-99a54c430d80","Northeast Fisheries Science Center, National Marine Fisheries Service, NOAA, U.S. Department of Commerce. 2010. NEFSC Benthic Database. Northeast Fisheries Science Center, 166 Water Street, Woods Hole Laboratories, Woods Hole, MA 02543.Retrieved from http://www.usgs.gov/obis-usa/"
"9b161b02-0f21-44e7-ac73-0ad7d4c95172","iziko South African Museum - Mollusc Collection"
"6d7b384f-090b-4c15-b68d-4c1192c0f8a6","Joint Nature Conservation Committee (JNCC) (2021): Marine Recorder Snapshot extract of surveys entered by JNCC. v2.1. Marine Biological Association. Dataset/Samplingevent. https://doi.org/10.17031/mehqrq"
"d104db68-63cf-4f34-b92a-54bd55a07394","Jo Taylor J (2023): Museums Victoria Marine Invertebrates Collection. v1.12. CSIRO National Collections and Marine Infrastructure (NCMI) Information and Data Centre (IDC). Dataset/Occurrence. https://www.marine.csiro.au/ipt/resource?r=nmv_marine_inverts&amp;v=1.12"
"a5f015fd-b53f-43f6-a8b6-f725775e4845","Bakken T, Hårsaker K, Daverdin M (2026). Marine invertebrate collection NTNU University Museum. Version 1.2361. Norwegian University of Science and Technology. Occurrence dataset. https://ipt.gbif.no/resource?r=trh_marine_invertebrate_collection&amp;v=1.2361"
"8acba7e7-2e50-4490-8328-b78a30472508","ICES Environmental Database (DOME), Zoobenthos community. Available online at http://dome.ices.dk. ICES, Copenhagen. Consulted on yyyy-mm-dd."
"ae3a986e-4df9-4e95-a46d-596d3c02a1a9","Flanders Marine Institute (VLIZ); (2013). Data collected during the expeditions of the e-learning projects Expedition Zeeleeuw and Planet Ocean. https://dx.doi.org/10.14284/4"
"bdfe8d09-29f0-4472-8414-71112556d1d1","3194: Envision Marine Ltd., The archive for marine species and habitats data (DASSH) (2025). 2022-2024 FISP: Ecosystem Benefits of UK Oyster Aquaculture Sites Mumbles 2022 Sediment Sampling Survey. Version 1.1. Marine Biological Association. Samplingevent dataset. 10.17031/66a267016c34e"
"d0d2a510-ba24-487b-80ca-afc86922cb1c","Chavan, VIshwas and C. T. Achuthankutty (editors), IndOBIS Catalogue of Life, Available at http://www.indobis.org/, Retrived day, date, year"
"0b6fd326-7ec6-487a-a386-b4e0d655d3ef","Byrne C (2023): Tasmanian Museum and Art Gallery Invertebrate Collection - marine records. v1.8. CSIRO National Collections and Marine Infrastructure (NCMI) Information and Data Centre (IDC). Dataset/Occurrence. https://www.marine.csiro.au/ipt/resource?r=ala_co198&amp;v=1.8"
"43b58971-4fda-4210-a6ef-654fe0ce226d","NOAA (2018): National Benthic Inventory. v1. GBIF Secretariat. Dataset/Occurrence. https://nccos-coastalscience-products-web-ipt.azurewebsites.net/"
"5de439e1-5fc1-4570-8c36-ac3e3b2c20fd","Simon A, Basman A (2022): Galiano Island BC Canada Marine Zoology 1893–2021. v1.5. Biodiversity Data Journal. Dataset/Occurrence. https://ipt.pensoft.net/resource?r=galiano-data-paper-part-i&amp;v=1.5"
"9c2d6787-245d-4661-b052-c14bccfe1c1b","Institut Français de Recherche pour l’Exploitation de la MER (2022). Macrophytes occurrence data within French Mediterranen Lagoon since 2006"
"c1cb71f2-31a1-4343-b82c-3e36171f498c","Badcock R (2023): Biodiversity Characterisation of Pilbara Marine Regions (Epibenthic Sled, Trawl, Towed Video and Sediment), Australia (2013). v1.8. CSIRO National Collections and Marine Infrastructure (NCMI) Information and Data Centre (IDC). Dataset/Samplingevent. https://www.marine.csiro.au/ipt/resource?r=pilbara_sled_trawls&amp;v=1.8"
"1518e369-0e28-4734-b85e-bc1c1ed4f00d","Ishida S (2016). Marine Invertebrata specimen database of Osaka Museum of Natutal History. National Institute of Genetics, ROIS. Occurrence dataset https://doi.org/10.15468/zhubgk accessed via GBIF.org on yyyy-mm-dd."
"f7777a70-e23c-436a-a0cb-9200bf87e194","INVEMAR. SIBM en línea: Sistema de Información sobre Biodiversidad Marina. Santa Marta: Instituto de investigaciones Marinas y Costeras José Benito Vives de Andréis,. http://www.invemar.org.co/siam/sibm/index.htm"
"3d08e18e-6146-4e27-ab0e-03504a65cbd4","Houbin, C; Hoebeke, M (2019): Roscoff inventories: marine fauna and flora since 1800 https://doi.org/10.21411/qhtc-a855"
"a9a3bdc6-209f-4c66-aafd-ce5271cb63b3","Cooper et al. (2017). RSMP Baseline Dataset. Cefas, UK. V1. doi: https://doi.org/10.14466/CefasDataHub.34 doi:10.14466/CefasDataHub.34"
"7812d226-7630-47e1-bc49-0941187a9a51","Pitcher R (2022): Dredge, trawl and bycatch records from the northern section of the Great Barrier Reef, Australia (1991-1996). v1.6. CSIRO National Collections and Marine Infrastructure (NCMI) Information and Data Centre (IDC). Dataset/Samplingevent. https://www.marine.csiro.au/ipt/resource?r=gbr_northern_prawn_survey_catch&amp;v=1.6"
"5c37fe6f-16d7-4da2-a591-fb4420fc217f","Parr, J. Marine Life Information Network (MarLIN) marine survey data (Professional). Marlin, Collated Marine Life Survey Datasets, Marine Biological Association of the UK, Plymouth, UK"
"0c59dc30-4b06-4572-addc-155042f81fd0",NA
"39608329-3804-41f6-b696-f43e78f29f40","Ikezawa H (2025). Ibaraki Nature Museum, Mollusk collection. National Museum of Nature and Science, Japan. Occurrence dataset https://doi.org/10.15468/rv8qko accessed via GBIF.org on 2026-01-28."
"d9118970-796c-485d-9d2c-b6853283907a","Fisheries Research Service, Marine Laboratory (2015). Macrobenthos samples collected in the Scottish waters in 2001."
"275ca552-98ad-403f-a2ab-f76b8391b442","Porcupine Marine Natural History Society (2024): Porcupine Marine Natural History Society Dataset. v3.0. Marine Biological Association. Dataset/Samplingevent. https://doi.org/10.17031/9ok65b"
"1e764c93-ace6-4fe0-874b-4bdcd9e0251f","GBIF.org (1st February 2017) GBIF Occurrence Download http://doi.org/10.15468/dl.nikkbj"
"726e33e7-6415-45ae-9d20-7c9a60e01343","Rumohr, H., Historical benthosdata from the North Sea and Baltic Sea from 1902-1912.  Christian-Albrechts-University Kiel; Leibniz Institute of Marine Sciences; Marine Ecology Division; Benthos Ecology section, Kiel, Germany."
"f070a9b6-b425-4dae-b7ca-d492b717dcc7","Sloan, N.A., Bartier, P.M., Austin, W.C. 2004. Gwaii Haanas Invertebrates (Living marine legacy of Gwaii Haanas II: Marine invertebrate baseline to 2000). Parks Canada-Technical Reports in Ecosystem Science. OBIS Canada, Bedford Institute of Oceanography, Dartmouth, Nova Scotia, Canada, Version 1, Digital, retrieved from http://iobis.org/."
"15450cc0-d3a9-4ea6-a169-55bd7cc7e83c","Dimitris Poursanidis &amp; Drosos Koutsoubas (2015). Mollusca fauna from the Mediterranean reef ecosystem (1170) – the zone of the photophilic algae."
"790f9ddf-433c-4e47-aa6c-ccef0b8634fa",NA
"5eadc9bf-ceb9-493f-ba9d-04e62870766e","Agence pour la recherche et la Valorisation Marines (ARVAM); Cellule De Suivi Du Littoral Normand (CSLN); Creocean;  Groupe d'Etude des Milieux Estuariens et Littoraux; Groupe d'étude des milieux estuariens et littoraux Normandie (GEMEL Normandie); Hemisphere Sub; Impact Mer; Institut Français de Recherche pour l'Exploitation de la Mer (IFREMER); MAREX Expertise &amp; Conseil en Environnement Marin (MAREX); National Natural History Museum Paris; CRESCO - Station de biologie marine de Dinard; National Natural History Museum Paris; Station de Biologie Marine de Concarneau; Pierre &amp; Marie Curie University; Roscoff biology station (RBS); TBM Environnement; The National Center for Scientific Research; Laboratoire d'Ecogéochimie des Environnements Benthiques UMR 8222 (LECOB); The National Center for Scientific Research; Laboratoire d’Océanologie et de Géosciences - UMR 8187 LOG (LOG); Université Bordeaux 1; Environnements et Paléoenvironnements Océaniques (EPOC); Université de Bretagne Occidentale; Institut Universitaire Européen de la Mer (IUEM); Université de Bretagne Occidentale; Laboratoire d'écophysiologie et de biotechnologie des halophytes et algues Marines (IUEM-LEBHAM); Université de Bretagne Occidentale; Laboratory of Sciences of the Marine Environment CNRS-UMR6539 (LEMAR); Université de la Réunion; Laboratoire d'Ecologie Marine (ECOMAR); Université de Liège; Station de Recherche Sous-marines et Océanographiques (STARESO); Université de Nantes; Laboratoire de Biologie Marine (Bio-littoral); Université des Sciences et Technologies de Lille; Station Marine de Wimereux (INSU/CNRS); (2019): REBENT - Réseau Benthique."
"aa16d305-d413-4c4a-90be-b1ec3298d58d",NA
"93410e9a-ae53-4dde-9ea5-d9b2dae6db22",NA
"270f3e70-ff9b-411d-b170-2bc914d83f26","Olivas González F J (2016): Biological Reference Collections ICM CSIC. Institute of Marine Sciences (ICM-CSIC). https://dx.doi.org/10.15470/qlqqdx"
"7f50634c-a93e-4c4a-a0c8-6994af9739f3","The archive for marine species and habitats data (DASSH) (2021): Marine Recorder Snapshot extract of surveys entered by The archive for marine species and habitats data (DASSH). v2.2. Marine Biological Association. Dataset/Samplingevent. https://doi.org/10.17031/myrqac"
"23678adb-b175-4352-856d-d43322374cb1","Natal Museum - Mollusc Collection"
"b3d6379c-1d83-4ddf-bf4c-0a298433a226","National Institute of Oceanography and Experimental Geophysics (OGS), Italy;  Italian National Institute for Environmental Protection and Research (ISPRA), Italy; (2017): Historical landings from the Venice (Italy) fish market between 1905 and 1927 https://dx.doi.org/10.14284/288"
"953e0d26-24e8-4797-b944-8aa7fe2ea937","National Museums Northern Ireland (NMNI) (2021): Marine Recorder Snapshot extract of surveys entered by National Museums Northern Ireland (NMNI). v2.1. Marine Biological Association. Dataset/Samplingevent. https://doi.org/10.17031/frdvov"
"f3019ee2-a2f8-4a5c-acd9-1a546b363a17",NA
"10fe54bb-b93b-4f00-bf4c-bd51542614ef","Flanders Marine Institute (VLIZ). Taxonomic Information System for the Belgian coastal area. 10 Aug 2004, Oostende, Belgium, Accessed on [dd/mm/yyyy]."
"a0d5f629-c546-4126-95b8-14d8bc831d20","Bailey-Matthews National Shell Museum (BMSM)"
"982d4bc2-c3f1-4018-befd-ed34b101e4b1","US National Oceanographic Data Center. 2011. South TX Outer Continental Shelf and MI, AL, and FL Outer Continental Shelf benthic organism sampling 1974-1978. US National Oceanographic Data Center, Silver Spring, Maryland, USA.Retrieved from http://www.usgs.gov/obis-usa/."
"1820a42f-39b2-45e5-a935-6edcb6891eec","Indian Ocean Biodiversity Information System (IndOBIS)- Distribution records of marine organisms from the Indian Ocean."
"8d12b9f8-bfa2-42f1-afc3-7fdd82a3482b"," (2021): Distribution of macrobenthos in the Yellow Sea in November 2010. v1.2. No organisation. Dataset/Occurrence. http://ipt.iobis.org/obis-china/resource?r=macrobenthos_in_the_yellow_sea_in_nov_2010&amp;v=1.2"
"c238cd9b-50c0-4185-9ed2-0bccb25e6386","Fish trawl survey: ICES Beam Trawl Survey for commercial fish species. ICES Database of trawl surveys (DATRAS). The International Council for the Exploration of the Sea, Copenhagen. 2010. Online source: http://ecosystemdata.ices.dk."
"b18829a5-eec2-4978-a88d-1edba34f1377","Natural England (NE) (2021): Marine Recorder Snapshot extract of surveys entered by Natural England. v2.1. Marine Biological Association. Dataset/Samplingevent. https://doi.org/10.17031/thn0xd"
"63cb90c7-6607-46b6-8472-d6d7b14a95a5","Healy J (2022): Queensland Museum Molluscs - Marine records. v1.9. CSIRO National Collections and Marine Infrastructure (NCMI) Information and Data Centre (IDC). Dataset/Occurrence. https://www.marine.csiro.au/ipt/resource?r=qm_molluscs&amp;v=1.9"
"5fcab8cc-89cf-42fc-8a1c-08b693c3acad","Kent Wildlife Trust (2021): Marine Recorder Snapshot extract of surveys entered by Kent Wildlife Trust. v2.1. Marine Biological Association. Dataset/Samplingevent. https://doi.org/10.17031/rkwbds"
"8e48c245-e862-4e74-b818-53812c435ccd","Fabio Lang da Silveira and Rubens M. Lopes Brazilian Marine Invertebrate Data Sets from SpeciesLink. WSAOBIS, São Paulo, February 2009, Version 1."
"84767a2b-ed0c-4c51-8d89-c080ce4ebeca","Sarda R., 1997: Soft Bottom Communities of the Bay of Blanes. Centre d’Estudis Avançats de Blanes (CEAB) Consejo Superior de Investigaciones Científica (CSIC), Spain"
"b1f8bc4c-5427-40c8-8728-aad4d463b944","Bigatti G (2015): Marine Invertebrate from Argentina, Uruguay and Chile. v1.4. ArOBIS Centro Nacional Patagónico. Dataset/Occurrence. http://arobis.cenpat-conicet.gob.ar:8081/resource?r=arobis-marineinvertebrate&amp;v=1.4"
"6843553e-c559-4f51-aae1-29ff1b03f331","HOUBIN C, THIEBAUT É, HOEBEKE M (2019): Specific diversity data of macrobenthic communities in the ""Rivière de Morlaix"" study site in the English Channel from 1977 to 1996. https://doi.org/10.21411/qxef-sr30"
"2a17430f-ec53-44dc-b09b-5a1d252820c0","Reid C (2023): Queen Victoria Museum and Art Gallery - Marine Invertebrates. v1.8. CSIRO National Collections and Marine Infrastructure (NCMI) Information and Data Centre (IDC). Dataset/Occurrence. https://www.marine.csiro.au/ipt/resource?r=ala_co258&amp;v=1.8"
"90faff6c-f5fe-4997-bd48-5b4651f5a11f","CSIRO - Prawn bycatch survey, Torres Strait, Gulf of Carpentaria and Arafura Sea, 1997-1998

CSIRO Division of Marine Research (1997). FRV Southern Surveyor. Cruise Report SS 08/97. Miscellaneous Publication. CSIRO Division of Marine Research, 21 pp."
"4a606f86-2e7b-44a3-b50d-3d55a887a11f","Denver Museum of Nature &amp; Science Marine Invertebrate Collection"
"71e0896c-7ca6-4f38-a372-de1deb9a1903","Bangor University, School of Biological Sciences (2018): 1778-1998 Ivor Rees North Wales Marine Fauna Ad-hoc sightings shore and ship-based surveys. v4.6. Marine Biological Association. Dataset/Samplingevent. https://doi.org/10.17031/35prlf"
"6ce6ef11-3c7f-4559-aa34-e4e7c316a3dc","Indian Ocean Biodiversity Information System (IndOBIS)- Distribution records of marine organisms from the Indian Ocean."
"9aa5f434-8459-40c4-a02f-1263535108ac","Evagelopoulos A (2024). Spatial and seasonal variability of the molluscan macrofauna at the marine-lagoonal environmental gradient at Kalloni saltworks (Lesvos Island, NE Aegean Sea, Greece). Version 1.14. Hellenic Center for Marine Research. Samplingevent dataset. http://192.135.166.161/resource?r=kalloni_saltworks_phd&amp;v=1.14"
"199dff9a-ec4f-481b-a9bf-f505daeb48ec","Marine Recorder Offshore Public snapshot 2020_1 – Available on request from JNCC or accessible as part of the UK public snapshot from https://jncc.gov.uk/our-work/marine-recorder/"
"d8afbdfc-65d8-4689-91f0-602018b67080","Tsikopoulou Irini, Dimitriou D. Panagiotis and Nikolopoulou Stamatina (2016). Digitization of The fishery grounds near Alexandria. XIX Mollusca. Notes and Memoirs No 33. Hydrobiology and Fisheries Directorate, 1939, Egypt"
"d41f3e26-b800-469b-b562-b2ee690d926c","2410: Gardline Geosurvey Ltd, The archive for marine species and habitats data (DASSH) (2025). 2006 BP Exploration and Production BP Exploration operating company Ltd. UKCS 9/23b Harding site survey May-June 2006 environmental report - Harding. Version 1.1. Marine Biological Association. Samplingevent dataset. 10.17031/67d04eab518e4"
"578dda41-b138-4869-ad44-fc86b6ebff45","Grupo Prodeco, INGETEC Ingenieros Consultores, Inerco Consultoría Colombia Ltda., Integral Ingenieros Consultores, Instituto de Investigaciones Marinas y Costeras José Benito Vives de Andréis - INVEMAR, Fundación Hidrobiológica George Dahl, Laboratorios Nancy Florez Garcia S.A.S., Chemilab S.A.S. (2025). Caracterización de recursos hidrobiológicos en áreas biosensoras en la Sociedad Portuaria Puerto Nuevo, Ciénaga, Magdalena, monitoreos 2015-2024. Version 1.0. Grupo Prodeco. Samplingevent dataset. https://doi.org/10.15472/mbkjpa"
"a121d740-8e25-40f0-a06c-3e5d0fbac6c3","Montoya-Cadavid E, Florian Sánchez M J (2025). Colección de Moluscos del Museo de Historia Natural Marina de Colombia - Makuriwa. Version 2.1. Instituto de Investigaciones Marinas y Costeras - Invemar. Occurrence dataset. https://doi.org/10.15472/l7xmvd"
"bdf60768-eed9-4ef1-9eb8-7eccaf36330b","National Biodiversity Data Centre (NBDC), Ireland; (2022): Explore Your Shore https://dx.doi.org/10.14284/563"
"2237d5c9-1cc0-4785-9ad3-65cb9b13a368",NA
"d1001fdc-d4a2-4d01-bcd2-2e122f2ca537",NA
"fd7f72a1-32a2-444e-a245-a12b5672da51","Indian Ocean Biodiversity Information System (IndOBIS)- Distribution records of marine organisms from the Indian Ocean."
"a97def2e-3a89-4a40-83c3-82ed18859ed1","Allen D., Beckett B., Brophy J., Costello M.J., Emblow C., Maciejewska B., McCrea M., Nash R., Penk M. &amp; Tierney A. (2009) Marine species recorded in Ireland during field surveys by EcoServe, Ecological Consultancy Services Ltd. https://dx.doi.org/10.14284/485"
"58e6252a-971f-4249-af6c-20d9ea918f02","Indian Ocean Biodiversity Information System (IndOBIS)- Distribution records of marine organisms from the Indian Ocean."
"9fd58901-44bf-4e78-adc6-d040eec324af","Natural Resources Wales (NRW) (2021): Marine Recorder Snapshot extract of surveys entered by NRW. v2.1. Marine Biological Association. Dataset/Samplingevent. https://doi.org/10.17031/b3efts"
"8bd1c7c0-717d-4a4e-8b1c-9ff3c5698067","Rosenberg et al. A Biotic Database of Indo-Pacific Marine Mollusks. Morris, P., Pennsylvania, USA. http://clade.acnatsci.org/obis/"
"024ec4fa-c194-453a-99d0-9c33297a5295","(2018): BR Offshore Islands. v2.0. Tropical and Subtropical Western South Atlantic OBIS. Dataset/Occurrence. http://doi.org/10.25607/smz2be"
"7805fd11-a1f0-4a04-b89c-dcc3c89f75de","NatureScot (2021): Marine Recorder Snapshot extract of surveys entered by NatureScot. v2.1. Marine Biological Association. Dataset/Samplingevent. https://doi.org/10.17031/pqhlyg"
"a1c07847-d232-4649-813f-414f5a2a1c42","FAPESP (2018): SINBIOTA Marine Data. v1.1. Tropical and Subtropical Western South Atlantic OBIS. Dataset/Occurrence. http://ipt.iobis.org/wsaobis/resource?r=sinbiota_marinedata&amp;v=1.1"
"63187f4a-1af9-4611-8f05-e806676ab55b","UK National Biodiversity Network, Countryside Council for Wales - Marine data from Countryside Council for Wales (CCW) Technical Support (Research &amp; Monitoring) Contracts, Wales https://doi.org/10.15468/az7nw3"
"98c3a0e6-ef76-4894-aabb-d7f01a0e7cea","Indian Ocean Biodiversity Information System (IndOBIS)- Distribution records of marine organisms from the Indian Ocean."
"f4232a8c-8fac-4f02-a3d6-6f51763c9ad5","Toba city (2024) Endangered species listed in the Toba city Marine Red Data Book 2023. Available at https://doi.org/10.48518/00026. Accessed on YYYY-MM-DD."
"e84e4864-bb77-486d-9940-d784014dd2fc",NA
"f3d7798e-7bf2-4b85-8ed4-18f2c1849d7d","Institut Français de Recherche pour l'Exploitation de la Mer – IFREMER (2016): COMARGIS: Information System on Continental Margin Ecosystems https://doi.org/10.15468/0djslr"
"66595f23-6900-4659-bbe1-dfdf2a88fceb","Mokhtar A F, Mohd Azmi Ramasamy A, Idris I (2023). Mollusca Collections from the South China Sea Repository and Reference Centre (RRC), Institute of Oceanography and Environment (INOS), Universiti Malaysia Terengganu (UMT). Version 1.2. Institute of Oceanography and Environment (INOS). Occurrence dataset. https://ipt.iobis.org/obis-malaysia/resource?r=umt_rrc_inos_mollusca_collections&amp;v=1.2"
"ccce0539-0f2f-48d1-a732-48607b5971b5","Fortes RR (2022): BIOGEOMAR | Marine Invertebrates | Mollusca | Bivalvia. Tropical and Subtropical Western South Atlantic OBIS. Dataset/Occurrence. https://doi.org/10.25607/3twprp"
"812b797b-bafc-4746-a5a7-d1cd96f051f0","Fabio Lang da Silveira and Rubens M. Lopes Benthos of Paranagua Bay Region. Sao Paulo City, 24 December 2009, Version 1.0"
"ecb089bf-3f8a-4202-a304-47ec5e0ddc2d","Bio-environmental research group; Institute of Agricultural and Fisheries research (ILVO), Belgium; (2015): Epibenthos and demersal fish monitoring at long-term monitoring stations in the Belgian part of the North Sea https://dx.doi.org/10.14284/54"
"d468e76b-ca7a-4b7a-8569-df9f0da5c605",NA
"07574d33-c6d7-4c80-9132-da186f68df87","Atlas of Life in the Coastal Wilderness http://www.atlasoflife.org.au/"
"c7d7a5ca-d2e4-48db-99b4-84841741ee33","JNCC/Cefas, The archive for marine species and habitats data (DASSH) (2026). 2021 JNCC/CEFAS East of Start Point MCZ verification survey CEND0121 RV Cefas Endeavour. Version 1.1. Marine Biological Association. Samplingevent dataset. 10.17031/69cb998694046"
"2dc172af-a053-4e5a-9a38-b5425e0116c1","Aleffi, I. F., 2004: LBMRev dataset. Marine Biology Laboratory, University of Trieste, Italy"
"92af50ad-c9d7-4fe7-b012-eae0e77233a2",NA
"5ee3369f-ecc2-455a-be34-34f71a4319da","Bio-environmental research group; Institute of Agricultural and Fisheries research (ILVO), Belgium; (2019): Macrobenthos monitoring at long-term monitoring stations in the Belgian part of the North Sea from 2001 on https://dx.doi.org/10.14284/202"
"4a595d2a-3c4e-48a3-aca0-8bf64aa368ad","Universidad del Sinú. (2019). Macroinvetebrados del Distrito Nacional de Manejo Integrado Cabo Manglares Bajo Mira y Frontera, Pacífico colombiano - Proyecto Colombia BIO. Versión 1.0. 50 registros, aportados por: Zarza E, López L,  C. Conjunto de datos/Registros biológicos."
"f7d8aa43-cdfe-4be2-82a6-88ee33c5c60c","British Oceanographic Data Centre, UK. Biogeographic data from BODC. in : EurOBIS. http://www.marbef.org/data/eurobissearch.php?dataprovider=47, accessed on [date]."
"7e5277ae-fca3-455c-b2aa-4a0c4f4a7a2e","Indian Ocean Biodiversity Information System (IndOBIS)- Distribution records of marine organisms from the Indian Ocean."
"ba3fc1a0-5ad0-4621-8712-e01292d9872c","ICES Contaminants and biological effects database (DOME – Biota). The International Council for the Exploration of the Sea, Copenhagen. 2010. Online source: http://ecosystemdata.ices.dk."
"587953dd-0998-48ba-a99e-ed765f7366f4",NA
"82c51e92-e66f-44ca-a02a-b6071c7e188f","Craeymeersh J., P. Kingston, E. Rachor, G. Duineveld, Carlo Heip, Edward Vanden Berghe,  1986: North Sea Benthos Survey."
"b19eed73-2149-4a94-8a93-28ba7d759086","Library of the Marine Biology Laboratory, USB. Biodiversity of Golfo Triste, Venezuela."
"b48e27b2-707e-4eef-823f-5782287e42f7","Loulakaki M, Rallis I, Mavraki D (2024). Expedition of Melita 1892, Molluscs collected on the coasts of Tunisia and Algeria. Version 1.1. Hellenic Center for Marine Research. Samplingevent dataset. http://ipt.medobis.eu/resource?r=melita&amp;v=1.1"
"5132b63a-4d7a-41e7-87eb-b5a9d6edc05f",NA
"c63870c4-db53-444b-90f9-43248d8877c9","Xu (2024). Composition of macrobenthos in the Yellow Sea in July 2011. Version 1.0. No organisation. Occurrence dataset. https://ipt.iobis.org/obis-china/resource?r=comparison_of_macrobenthos_in_july_2011&amp;v=1.0"
"6e6e2c56-c255-44b2-a7e6-00ebcb786037",NA
"1eaa77a8-e89e-48ca-8cae-b8a5ffa11969","Bio-environmental research group; Institute of Agricultural and Fisheries research (ILVO), Belgium; (2016): Macrobenthos monitoring at long-term monitoring stations in the Belgian part of the North Sea between 1979 and 1999. https://dx.doi.org/10.14284/201"
"acd6f1b1-2e9b-48a6-b022-cee41b28f3b1"," (2023): Port Phillip Bay Environmental Study Data 1992-1996 - benthic records. v1.3. CSIRO National Collections and Marine Infrastructure (NCMI) Information and Data Centre (IDC). Dataset/Samplingevent. https://www.marine.csiro.au/ipt/resource?r=ppbes_benthic&amp;v=1.3"
"b879bdf7-0eee-48a0-b3e4-2a04f30ae568","Tidal Creek Database, NOAA Oceans and Human Health Initiative, NOAA Hollings Marine Laboratory"
"81621597-dfd5-4657-b660-ba0f7924a8e3",NA
"31931936-77cc-4562-a775-b1553fe7ffe8"," (2023): Port Phillip Bay Environmental Study Data 1992-1996 - infauna records. v1.4. CSIRO National Collections and Marine Infrastructure (NCMI) Information and Data Centre (IDC). Dataset/Occurrence. https://www.marine.csiro.au/ipt/resource?r=ppbes_infauna&amp;v=1.4"
"a4257cff-3c2c-4a60-ab29-91f65545bb08","Indian Ocean Biodiversity Information System (IndOBIS)- Distribution records of marine organisms from the Indian Ocean."
"3aa23743-5491-481b-9a70-42a537b61ed2","REBENT network (2019). Benthic invertebrates abundance data in ODV format from French REBENT network. SEANOE. https://doi.org/10.17882/60681"
"a4695be4-9914-4cc2-ac24-201bd868db57","Fonda-Umani, S. (2014). Macrobentos North Adriatic-ALPE ADRIA Project. University of Trieste; Marine Biology Laboratory https://doi.org/10.6092/046b3834-9c72-4e2d-920f-8db346c90407"
"ca0484c6-55ad-40da-9450-4c6177cd518a","Fabio Lang da Silveira and Rubens M. Lopes Sandy Beaches Benthic Macrofauna of North-Central Sao Paulo Coast. Sao Paulo City, 24 December 2009, Version 1.0."
